,in_size,out_size,quant,tot_bits,tot_bytes,val_f1,val_pres,val_recall,val_th,f1,pres,recall
0,256,4.0,1,4.0,1.0,0.08584859687755333,0.04496976732045412,0.943693512268209,0.132,0.05799363197327187,0.02993978486605395,0.9206649884100596
1,256,4.0,2,8.0,1.0,0.24278916020666233,0.14028087254462104,0.9016771116946722,0.132,0.1676201290421913,0.09276354854256477,0.868323321951098
2,256,4.0,3,12.0,2.0,0.5973128698368667,0.4996746909564086,0.7423756665753733,0.132,0.5586079701818253,0.45594262295081966,0.7209441439645073
3,256,4.0,4,16.0,2.0,0.5369304848158256,0.5829794462374724,0.49762368900130494,0.132,0.5628561583927483,0.6009565045136825,0.5292988709154807
4,256,4.0,5,20.0,3.0,0.762477645911234,0.6792650059192463,0.8689242963702857,0.132,0.711015417568442,0.6435567582850334,0.7942723262132051
5,256,4.0,6,24.0,3.0,0.7910025038652565,0.6873952177686884,0.9313850268241207,0.132,0.7458767290700064,0.658801727102518,0.8594750878592259
6,256,4.0,7,28.0,4.0,0.7947257729706108,0.689678466880785,0.9375231589631229,0.132,0.749223009668018,0.6589112094730072,0.8682236235387951
7,256,4.0,8,32.0,4.0,0.7950601439084667,0.6898508488230207,0.9381353611187189,0.132,0.7504139695920518,0.6598778389213518,0.8697440243264126
8,256,4.0,9,36.0,5.0,0.7955758129887144,0.6900351533371998,0.9392308807655749,0.132,0.7502014417860098,0.6592771630348578,0.8702175917848508
9,256,4.0,10,40.0,5.0,0.7956868900566437,0.6902283948424679,0.9391825490164489,0.132,0.7502713624004557,0.6594996977025392,0.8700181949602452
10,256,4.0,11,44.0,6.0,0.7956849847841811,0.6901298424609703,0.939359765429911,0.132,0.7503437312021999,0.6593109957527136,0.8705416116248349
11,256,4.0,12,48.0,6.0,0.7956628248957673,0.6901486812822577,0.939263101931659,0.132,0.7503518214143758,0.6593663859834611,0.8704668378156077
12,256,4.0,13,52.0,7.0,0.7956766199028332,0.6901433458410767,0.939311433680785,0.132,0.750386764073915,0.6594346569988104,0.8704419132125321
13,256,4.0,14,56.0,7.0,0.7957093435049913,0.6901751893939394,0.9393436548468689,0.132,0.7504162772460172,0.6594230260922102,0.8705416116248349
14,256,4.0,15,60.0,8.0,0.7956657614258226,0.6901270078003858,0.939311433680785,0.132,0.7503679432776496,0.6593912846461748,0.8704668378156077
15,256,4.0,16,64.0,8.0,0.7956631208335324,0.6901143384702791,0.9393275442638269,0.132,0.7503679432776496,0.6593912846461748,0.8704668378156077
16,256,4.0,17,68.0,9.0,0.7956821965665002,0.6901343433745636,0.9393436548468689,0.132,0.7503760044690816,0.659403734682703,0.8704668378156077
17,256,4.0,18,72.0,9.0,0.7956876258060114,0.6901425121916576,0.9393436548468689,0.132,0.7503760044690816,0.659403734682703,0.8704668378156077
18,256,4.0,19,76.0,10.0,0.7956739790522329,0.6901306756308887,0.9393275442638269,0.132,0.7503760044690816,0.659403734682703,0.8704668378156077
19,256,4.0,20,80.0,10.0,0.7956685499058379,0.6901225069538971,0.9393275442638269,0.132,0.7503679432776496,0.6593912846461748,0.8704668378156077
20,256,4.0,21,84.0,11.0,0.7956739790522329,0.6901306756308887,0.9393275442638269,0.132,0.7503679432776496,0.6593912846461748,0.8704668378156077
21,256,4.0,22,88.0,11.0,0.7956739790522329,0.6901306756308887,0.9393275442638269,0.132,0.7503679432776496,0.6593912846461748,0.8704668378156077
22,256,4.0,23,92.0,12.0,0.7956739790522329,0.6901306756308887,0.9393275442638269,0.132,0.7503679432776496,0.6593912846461748,0.8704668378156077
23,256,4.0,24,96.0,12.0,0.7956739790522329,0.6901306756308887,0.9393275442638269,0.132,0.7503679432776496,0.6593912846461748,0.8704668378156077
24,256,4.0,25,100.0,13.0,0.7956739790522329,0.6901306756308887,0.9393275442638269,0.132,0.7503679432776496,0.6593912846461748,0.8704668378156077
25,256,4.0,26,104.0,13.0,0.7956739790522329,0.6901306756308887,0.9393275442638269,0.132,0.7503679432776496,0.6593912846461748,0.8704668378156077
26,256,4.0,27,108.0,14.0,0.7956739790522329,0.6901306756308887,0.9393275442638269,0.132,0.7503679432776496,0.6593912846461748,0.8704668378156077
27,256,4.0,28,112.0,14.0,0.7956739790522329,0.6901306756308887,0.9393275442638269,0.132,0.7503679432776496,0.6593912846461748,0.8704668378156077
28,256,4.0,29,116.0,15.0,0.7956739790522329,0.6901306756308887,0.9393275442638269,0.132,0.7503679432776496,0.6593912846461748,0.8704668378156077
29,256,4.0,30,120.0,15.0,0.7956739790522329,0.6901306756308887,0.9393275442638269,0.132,0.7503679432776496,0.6593912846461748,0.8704668378156077
30,256,4.0,31,124.0,16.0,0.7956739790522329,0.6901306756308887,0.9393275442638269,0.132,0.7503679432776496,0.6593912846461748,0.8704668378156077
31,256,4.0,32,128.0,16.0,0.7956739790522329,0.6901306756308887,0.9393275442638269,0.132,0.7503679432776496,0.6593912846461748,0.8704668378156077
32,256,6.0,1,6.0,1.0,0.1398476581546256,0.07582298094435534,0.8987449855810282,0.117,0.10658050795468488,0.056607608606268046,0.9093492186136936
33,256,6.0,2,12.0,2.0,0.3357078005968168,0.21034066534543647,0.830999983889417,0.117,0.29891188486253895,0.18106110917849952,0.8562099648563096
34,256,6.0,3,18.0,3.0,0.617749111267216,0.5519908698960183,0.7012936798182726,0.117,0.5725027214472489,0.5206997917772425,0.6357518506517784
35,256,6.0,4,24.0,3.0,0.5587575100532032,0.6862418469335085,0.4712184433954665,0.117,0.5170980452754385,0.6803285354151419,0.4170384586625458
36,256,6.0,5,30.0,4.0,0.7422415223765005,0.6501908050154461,0.8646549918641555,0.117,0.7366251456223675,0.6689589225041199,0.8195209491288851
37,256,6.0,6,36.0,5.0,0.7585289600702063,0.6602375126812675,0.8912052327173721,0.117,0.750554703109649,0.6736149639375446,0.8473368061613619
38,256,6.0,7,42.0,6.0,0.7612883825509319,0.6610762949247495,0.8973111436902902,0.117,0.7564858165794546,0.6778339321672523,0.8557862466040228
39,256,6.0,8,48.0,6.0,0.7625098307402975,0.662464053996245,0.8981488940084742,0.117,0.7577730051214273,0.6788688479299049,0.8574312704070187
40,256,6.0,9,54.0,7.0,0.7623670321857311,0.6621697048868832,0.8982938892558522,0.117,0.7573366784405638,0.6779817959730485,0.8577303656439271
41,256,6.0,10,60.0,8.0,0.7628230113306118,0.6626826660330284,0.8986161009166922,0.117,0.7573614334583613,0.6778035911167113,0.8580793100869869
42,256,6.0,11,66.0,9.0,0.762817664070886,0.6626045229950589,0.8987449855810282,0.117,0.7571243095746321,0.677750418595489,0.8575558934223972
43,256,6.0,12,72.0,9.0,0.7627890440181049,0.6625963628588737,0.8986805432488602,0.117,0.7570666226550036,0.6777046726026318,0.8574811196131702
44,256,6.0,13,78.0,10.0,0.762759724054943,0.6625608742130894,0.8986644326658182,0.117,0.7571766518127305,0.677803167599086,0.8576057426285486
45,256,6.0,14,84.0,11.0,0.7627616950867645,0.6625726062218632,0.8986483220827762,0.117,0.7571159791829414,0.6777370681164558,0.8575558934223972
46,256,6.0,15,90.0,12.0,0.762787771874765,0.6626119598013828,0.8986483220827762,0.117,0.7570773140864132,0.677690671289001,0.8575309688193216
47,256,6.0,16,96.0,12.0,0.76277212558801,0.6625883470927125,0.8986483220827762,0.117,0.7571159791829414,0.6777370681164558,0.8575558934223972
48,256,6.0,17,102.0,13.0,0.7627584509353463,0.6625764684920117,0.8986322114997342,0.117,0.7571243095746321,0.677750418595489,0.8575558934223972
49,256,6.0,18,108.0,14.0,0.7627669103017293,0.6625804765637993,0.8986483220827762,0.117,0.7571159791829414,0.6777370681164558,0.8575558934223972
50,256,6.0,19,114.0,15.0,0.7627669103017293,0.6625804765637993,0.8986483220827762,0.117,0.7571023039852122,0.6777307199842411,0.8575309688193216
51,256,6.0,20,120.0,15.0,0.7627669103017293,0.6625804765637993,0.8986483220827762,0.117,0.7571023039852122,0.6777307199842411,0.8575309688193216
52,256,6.0,21,126.0,16.0,0.7627669103017293,0.6625804765637993,0.8986483220827762,0.117,0.7571023039852122,0.6777307199842411,0.8575309688193216
53,256,6.0,22,132.0,17.0,0.7627669103017293,0.6625804765637993,0.8986483220827762,0.117,0.7571023039852122,0.6777307199842411,0.8575309688193216
54,256,6.0,23,138.0,18.0,0.7627669103017293,0.6625804765637993,0.8986483220827762,0.117,0.7571023039852122,0.6777307199842411,0.8575309688193216
55,256,6.0,24,144.0,18.0,0.7627669103017293,0.6625804765637993,0.8986483220827762,0.117,0.7571023039852122,0.6777307199842411,0.8575309688193216
56,256,6.0,25,150.0,19.0,0.7627669103017293,0.6625804765637993,0.8986483220827762,0.117,0.7571023039852122,0.6777307199842411,0.8575309688193216
57,256,6.0,26,156.0,20.0,0.7627669103017293,0.6625804765637993,0.8986483220827762,0.117,0.7571023039852122,0.6777307199842411,0.8575309688193216
58,256,6.0,27,162.0,21.0,0.7627669103017293,0.6625804765637993,0.8986483220827762,0.117,0.7571023039852122,0.6777307199842411,0.8575309688193216
59,256,6.0,28,168.0,21.0,0.7627669103017293,0.6625804765637993,0.8986483220827762,0.117,0.7571023039852122,0.6777307199842411,0.8575309688193216
60,256,6.0,29,174.0,22.0,0.7627669103017293,0.6625804765637993,0.8986483220827762,0.117,0.7571023039852122,0.6777307199842411,0.8575309688193216
61,256,6.0,30,180.0,23.0,0.7627669103017293,0.6625804765637993,0.8986483220827762,0.117,0.7571023039852122,0.6777307199842411,0.8575309688193216
62,256,6.0,31,186.0,24.0,0.7627669103017293,0.6625804765637993,0.8986483220827762,0.117,0.7571023039852122,0.6777307199842411,0.8575309688193216
63,256,6.0,32,192.0,24.0,0.7627669103017293,0.6625804765637993,0.8986483220827762,0.117,0.7571023039852122,0.6777307199842411,0.8575309688193216
64,256,8.0,1,8.0,1.0,0.10239132880574847,0.05412575032502559,0.9457073351484591,0.109,0.07174057710686033,0.0373706960363813,0.8934223972483238
65,256,8.0,2,16.0,2.0,0.3312882704014405,0.20325491731017556,0.8951684361457041,0.109,0.2342453821479925,0.1359800313815507,0.8445701752199596
66,256,8.0,3,24.0,3.0,0.6218371209578909,0.5329429495070349,0.7463227594206634,0.109,0.5775586327713641,0.47721432521224344,0.7313377034470726
67,256,8.0,4,32.0,4.0,0.6367083322682617,0.6757397091803515,0.6019397141982569,0.109,0.627332678546373,0.7176795402741661,0.5571895017571845
68,256,8.0,5,40.0,5.0,0.7431095454983281,0.6485019513659561,0.8700359266001837,0.109,0.7379002064849901,0.6772037233710252,0.8105480920216346
69,256,8.0,6,48.0,6.0,0.7565364932914489,0.6555348244018799,0.8943306858275201,0.109,0.7614166926052737,0.6872077856927862,0.8535928815333615
70,256,8.0,7,56.0,7.0,0.763296571956321,0.6597405646534015,0.9054147669604163,0.109,0.7683297371086354,0.6880804495711328,0.8697689489294883
71,256,8.0,8,64.0,8.0,0.7626419617642877,0.6578535377138051,0.9071385993459103,0.109,0.7697296109034955,0.688472050177943,0.8727349766954962
72,256,8.0,9,72.0,9.0,0.7631295585217693,0.6582741377698851,0.9077185803354223,0.109,0.7698698786706524,0.6885258791846042,0.8730091473293288
73,256,8.0,10,80.0,10.0,0.7631954833774479,0.6581436077057793,0.9081535660775564,0.109,0.7701150688544768,0.6887630730518204,0.8732583933600857
74,256,8.0,11,88.0,11.0,0.763162526230285,0.6580861322219498,0.9081696766605983,0.109,0.7702772497005529,0.6888364779874214,0.8735574885969941
75,256,8.0,12,96.0,12.0,0.7632018954137756,0.6581362224764751,0.9081857872436403,0.109,0.7701859258933674,0.6887369062358745,0.873482714787767
76,256,8.0,13,104.0,13.0,0.7632740367692848,0.6581758326426261,0.9083146719079763,0.109,0.7701825134330326,0.688715953307393,0.8735076393908427
77,256,8.0,14,112.0,14.0,0.7632804462013321,0.6581684468569428,0.9083468930740604,0.109,0.7702484424275055,0.6887749086192666,0.8735824132000698
78,256,8.0,15,120.0,15.0,0.763275279720043,0.6581607638969953,0.9083468930740604,0.109,0.7702653700346135,0.6888019809763384,0.8735824132000698
79,256,8.0,16,128.0,16.0,0.763259780695817,0.6581377160933359,0.9083468930740604,0.109,0.7702484424275055,0.6887749086192666,0.8735824132000698
80,256,8.0,17,136.0,17.0,0.763264946967287,0.6581453985151982,0.9083468930740604,0.109,0.7702484424275055,0.6887749086192666,0.8735824132000698
81,256,8.0,18,144.0,18.0,0.763259780695817,0.6581377160933359,0.9083468930740604,0.109,0.7702569061380568,0.6887884445317873,0.8735824132000698
82,256,8.0,19,152.0,19.0,0.763259780695817,0.6581377160933359,0.9083468930740604,0.109,0.7702569061380568,0.6887884445317873,0.8735824132000698
83,256,8.0,20,160.0,20.0,0.7632701133086952,0.6581530811164159,0.9083468930740604,0.109,0.7702484424275055,0.6887749086192666,0.8735824132000698
84,256,8.0,21,168.0,21.0,0.763264946967287,0.6581453985151982,0.9083468930740604,0.109,0.7702484424275055,0.6887749086192666,0.8735824132000698
85,256,8.0,22,176.0,22.0,0.763264946967287,0.6581453985151982,0.9083468930740604,0.109,0.7702484424275055,0.6887749086192666,0.8735824132000698
86,256,8.0,23,184.0,23.0,0.763264946967287,0.6581453985151982,0.9083468930740604,0.109,0.7702484424275055,0.6887749086192666,0.8735824132000698
87,256,8.0,24,192.0,24.0,0.763264946967287,0.6581453985151982,0.9083468930740604,0.109,0.7702484424275055,0.6887749086192666,0.8735824132000698
88,256,8.0,25,200.0,25.0,0.763264946967287,0.6581453985151982,0.9083468930740604,0.109,0.7702484424275055,0.6887749086192666,0.8735824132000698
89,256,8.0,26,208.0,26.0,0.763264946967287,0.6581453985151982,0.9083468930740604,0.109,0.7702484424275055,0.6887749086192666,0.8735824132000698
90,256,8.0,27,216.0,27.0,0.763264946967287,0.6581453985151982,0.9083468930740604,0.109,0.7702484424275055,0.6887749086192666,0.8735824132000698
91,256,8.0,28,224.0,28.0,0.763264946967287,0.6581453985151982,0.9083468930740604,0.109,0.7702484424275055,0.6887749086192666,0.8735824132000698
92,256,8.0,29,232.0,29.0,0.763264946967287,0.6581453985151982,0.9083468930740604,0.109,0.7702484424275055,0.6887749086192666,0.8735824132000698
93,256,8.0,30,240.0,30.0,0.763264946967287,0.6581453985151982,0.9083468930740604,0.109,0.7702484424275055,0.6887749086192666,0.8735824132000698
94,256,8.0,31,248.0,31.0,0.763264946967287,0.6581453985151982,0.9083468930740604,0.109,0.7702484424275055,0.6887749086192666,0.8735824132000698
95,256,8.0,32,256.0,32.0,0.763264946967287,0.6581453985151982,0.9083468930740604,0.109,0.7702484424275055,0.6887749086192666,0.8735824132000698
96,256,10.0,1,10.0,2.0,0.12895507920072258,0.06920965913054582,0.943016867780445,0.101,0.09108751095879493,0.047938947707851884,0.9115425836843548
97,256,10.0,2,20.0,3.0,0.29011179730470543,0.17294670127810371,0.8994699618179182,0.101,0.2292425099514487,0.1331623848920283,0.8232097903840881
98,256,10.0,3,30.0,4.0,0.6227141856664852,0.5211035261175807,0.7735496447616439,0.101,0.5894312522625651,0.48516573784750183,0.7507788938461155
99,256,10.0,4,40.0,5.0,0.602230883359086,0.5759277774510381,0.6310515377551513,0.101,0.5518602098824806,0.5461290637508542,0.5577129184217742
100,256,10.0,5,50.0,7.0,0.7373366073135228,0.6781111817284418,0.8078974078071886,0.101,0.688096648110861,0.6555778735697037,0.7240098701428179
101,256,10.0,6,60.0,8.0,0.7471880653365145,0.6298498226382151,0.9182549016448905,0.101,0.7059680702882246,0.6191433779999624,0.8211161237257296
102,256,10.0,7,70.0,9.0,0.7493888802205233,0.6281977219467001,0.9285173430426447,0.101,0.7104829711492481,0.6192575577949022,0.833229480820518
103,256,10.0,8,80.0,10.0,0.7499042363252719,0.6280531570132892,0.9304183918416008,0.101,0.7126441659858461,0.6204367425362105,0.8370429450910994
104,256,10.0,9,90.0,12.0,0.7502694700206486,0.6284113776037418,0.9307567140854828,0.101,0.7132794432775337,0.6209068242681688,0.8379402308018244
105,256,10.0,10,100.0,13.0,0.7503683749310311,0.6283592798747608,0.9311755892445748,0.101,0.7131217110847055,0.6208183245589729,0.8376660601679918
106,256,10.0,11,110.0,14.0,0.7502742135425794,0.6282198987022586,0.9311916998276167,0.101,0.7128441827152633,0.6206304042568915,0.837242341915705
107,256,10.0,12,120.0,15.0,0.7504105410054197,0.6283670674174403,0.9312883633258687,0.101,0.7129595246936501,0.6206820113052794,0.8374666633433863
108,256,10.0,13,130.0,17.0,0.7503245235993562,0.6282757796110912,0.9312239209937008,0.101,0.7129639454194342,0.620729792147806,0.8373918895341592
109,256,10.0,14,140.0,18.0,0.7503732069838384,0.6283220469787715,0.9312722527428268,0.101,0.712960998175105,0.6206979364874101,0.8374417387403106
110,256,10.0,15,150.0,19.0,0.7503829279057089,0.6283136786044237,0.9313205844919528,0.101,0.7129049028657521,0.6206539811564752,0.8373669649310834
111,256,10.0,16,160.0,20.0,0.7503764473752532,0.6283192573993761,0.9312883633258687,0.101,0.7129322143592247,0.6206679967486884,0.8374168141372349
112,256,10.0,17,170.0,22.0,0.7503715771095519,0.6283124279906959,0.9312883633258687,0.101,0.7129261227997581,0.6206724552004433,0.8373918895341592
113,256,10.0,18,180.0,23.0,0.750368336675948,0.6283152173913044,0.9312722527428268,0.101,0.7129397784662396,0.620679462784726,0.8374168141372349
114,256,10.0,19,190.0,24.0,0.7503764473752532,0.6283192573993761,0.9312883633258687,0.101,0.7129397784662396,0.620679462784726,0.8374168141372349
115,256,10.0,20,200.0,25.0,0.7503764473752532,0.6283192573993761,0.9312883633258687,0.101,0.7129397784662396,0.620679462784726,0.8374168141372349
116,256,10.0,21,210.0,27.0,0.7503764473752532,0.6283192573993761,0.9312883633258687,0.101,0.7129397784662396,0.620679462784726,0.8374168141372349
117,256,10.0,22,220.0,28.0,0.7503764473752532,0.6283192573993761,0.9312883633258687,0.101,0.7129397784662396,0.620679462784726,0.8374168141372349
118,256,10.0,23,230.0,29.0,0.7503764473752532,0.6283192573993761,0.9312883633258687,0.101,0.7129397784662396,0.620679462784726,0.8374168141372349
119,256,10.0,24,240.0,30.0,0.7503764473752532,0.6283192573993761,0.9312883633258687,0.101,0.7129397784662396,0.620679462784726,0.8374168141372349
120,256,10.0,25,250.0,32.0,0.7503764473752532,0.6283192573993761,0.9312883633258687,0.101,0.7129397784662396,0.620679462784726,0.8374168141372349
121,256,10.0,26,260.0,33.0,0.7503764473752532,0.6283192573993761,0.9312883633258687,0.101,0.7129397784662396,0.620679462784726,0.8374168141372349
122,256,10.0,27,270.0,34.0,0.7503764473752532,0.6283192573993761,0.9312883633258687,0.101,0.7129397784662396,0.620679462784726,0.8374168141372349
123,256,10.0,28,280.0,35.0,0.7503764473752532,0.6283192573993761,0.9312883633258687,0.101,0.7129397784662396,0.620679462784726,0.8374168141372349
124,256,10.0,29,290.0,37.0,0.7503764473752532,0.6283192573993761,0.9312883633258687,0.101,0.7129397784662396,0.620679462784726,0.8374168141372349
125,256,10.0,30,300.0,38.0,0.7503764473752532,0.6283192573993761,0.9312883633258687,0.101,0.7129397784662396,0.620679462784726,0.8374168141372349
126,256,10.0,31,310.0,39.0,0.7503764473752532,0.6283192573993761,0.9312883633258687,0.101,0.7129397784662396,0.620679462784726,0.8374168141372349
127,256,10.0,32,320.0,40.0,0.7503764473752532,0.6283192573993761,0.9312883633258687,0.101,0.7129397784662396,0.620679462784726,0.8374168141372349
128,256,12.0,1,12.0,2.0,0.2459631909564686,0.14292769217503548,0.8812488923974159,0.127,0.17760814506119896,0.09880406746170967,0.877420802073727
129,256,12.0,2,24.0,3.0,0.379137701004143,0.24239390524761054,0.8698587101867217,0.127,0.2839034298501047,0.17083548874620902,0.8395852546048204
130,256,12.0,3,36.0,5.0,0.614762134916799,0.5379233678512306,0.7172109358637689,0.127,0.580927114408692,0.5202287066246056,0.6576605767553152
131,256,12.0,4,48.0,6.0,0.5848880365689345,0.6006009574576444,0.5699763174429282,0.127,0.5748638082420048,0.5917559508101546,0.5589092993694076
132,256,12.0,5,60.0,8.0,0.7617872376849224,0.6835246982322748,0.8602890238597735,0.127,0.7410649969524019,0.6671788322624417,0.8333541038358964
133,256,12.0,6,72.0,9.0,0.7906870355994234,0.6938723373194974,0.9188993249665706,0.127,0.7598309761986891,0.669439854122742,0.8784427107998305
134,256,12.0,7,84.0,11.0,0.7945739380411724,0.6956968948909703,0.9262135296676387,0.127,0.7644356673678788,0.6712785809881058,0.8876149647316867
135,256,12.0,8,96.0,12.0,0.7954320927951143,0.6963037325527952,0.9274701551449147,0.127,0.7651517588155201,0.6713576158940397,0.8894095361531368
136,256,12.0,9,108.0,14.0,0.7956214455303408,0.6959682190854535,0.9285817853748127,0.127,0.7647096649733137,0.6707906364576478,0.8892101393285312
137,256,12.0,10,120.0,15.0,0.7957614248239679,0.6961915230284217,0.9285656747917708,0.127,0.7647292097619532,0.6708349003384732,0.8891852147254555
138,256,12.0,11,132.0,17.0,0.7957505850193626,0.6961568191700083,0.9285978959578547,0.127,0.7648395463997084,0.670947966226,0.8892849131377583
139,256,12.0,12,144.0,18.0,0.7957257936480544,0.696127925795309,0.9285817853748127,0.127,0.7647840531561461,0.6708341950403279,0.8893347623439096
140,256,12.0,13,156.0,20.0,0.7957480586712683,0.6961257910245882,0.9286462277069807,0.127,0.7648086424384022,0.6708720339939082,0.8893347623439096
141,256,12.0,14,168.0,21.0,0.7957122840439262,0.6960800888803014,0.9286301171239387,0.127,0.7648036010931889,0.6708784596871239,0.8893098377408339
142,256,12.0,15,180.0,23.0,0.7957066436583262,0.6960895608907782,0.9285978959578547,0.127,0.7647771239938693,0.6708660825091196,0.8892599885346826
143,256,12.0,16,192.0,24.0,0.7956818542625814,0.6960606719319856,0.9285817853748127,0.127,0.7647954043684223,0.6708658456331672,0.8893098377408339
144,256,12.0,17,204.0,26.0,0.7956818542625814,0.6960606719319856,0.9285817853748127,0.127,0.7647954043684223,0.6708658456331672,0.8893098377408339
145,256,12.0,18,216.0,27.0,0.7956818542625814,0.6960606719319856,0.9285817853748127,0.127,0.7647954043684223,0.6708658456331672,0.8893098377408339
146,256,12.0,19,228.0,29.0,0.7956818542625814,0.6960606719319856,0.9285817853748127,0.127,0.7647954043684223,0.6708658456331672,0.8893098377408339
147,256,12.0,20,240.0,30.0,0.7956763621805933,0.6960522661127683,0.9285817853748127,0.127,0.7648036010931889,0.6708784596871239,0.8893098377408339
148,256,12.0,21,252.0,32.0,0.7956818542625814,0.6960606719319856,0.9285817853748127,0.127,0.7648036010931889,0.6708784596871239,0.8893098377408339
149,256,12.0,22,264.0,33.0,0.7956763621805933,0.6960522661127683,0.9285817853748127,0.127,0.7648036010931889,0.6708784596871239,0.8893098377408339
150,256,12.0,23,276.0,35.0,0.7956763621805933,0.6960522661127683,0.9285817853748127,0.127,0.7648036010931889,0.6708784596871239,0.8893098377408339
151,256,12.0,24,288.0,36.0,0.7956763621805933,0.6960522661127683,0.9285817853748127,0.127,0.7648036010931889,0.6708784596871239,0.8893098377408339
152,256,12.0,25,300.0,38.0,0.7956763621805933,0.6960522661127683,0.9285817853748127,0.127,0.7648036010931889,0.6708784596871239,0.8893098377408339
153,256,12.0,26,312.0,39.0,0.7956763621805933,0.6960522661127683,0.9285817853748127,0.127,0.7648036010931889,0.6708784596871239,0.8893098377408339
154,256,12.0,27,324.0,41.0,0.7956763621805933,0.6960522661127683,0.9285817853748127,0.127,0.7648036010931889,0.6708784596871239,0.8893098377408339
155,256,12.0,28,336.0,42.0,0.7956763621805933,0.6960522661127683,0.9285817853748127,0.127,0.7648036010931889,0.6708784596871239,0.8893098377408339
156,256,12.0,29,348.0,44.0,0.7956763621805933,0.6960522661127683,0.9285817853748127,0.127,0.7648036010931889,0.6708784596871239,0.8893098377408339
157,256,12.0,30,360.0,45.0,0.7956763621805933,0.6960522661127683,0.9285817853748127,0.127,0.7648036010931889,0.6708784596871239,0.8893098377408339
158,256,12.0,31,372.0,47.0,0.7956763621805933,0.6960522661127683,0.9285817853748127,0.127,0.7648036010931889,0.6708784596871239,0.8893098377408339
159,256,12.0,32,384.0,48.0,0.7956763621805933,0.6960522661127683,0.9285817853748127,0.127,0.7648036010931889,0.6708784596871239,0.8893098377408339
160,256,14.0,1,14.0,2.0,0.15036594174975412,0.08181660525836973,0.9272768281484107,0.09,0.1290606401944176,0.06947484215471703,0.9067072106876698
161,256,14.0,2,28.0,4.0,0.40168916999640203,0.2625715474044879,0.8543442187172754,0.09,0.31928314119327755,0.1971906950567489,0.8383639490541113
162,256,14.0,3,42.0,6.0,0.5999762700744701,0.5292828292779037,0.6924650803112564,0.09,0.5812092303138625,0.5349329421626152,0.6362503427132923
163,256,14.0,4,56.0,7.0,0.575281324854814,0.6183525663585678,0.5378195936910957,0.09,0.4840119820555819,0.5694772344013491,0.4208519229331273
164,256,14.0,5,70.0,9.0,0.7349528291299763,0.6860822438261258,0.7913196178569702,0.09,0.7053559322033898,0.6977611940298507,0.7131178185987388
165,256,14.0,6,84.0,11.0,0.7658821570314452,0.6726262293883222,0.889159188671038,0.09,0.7563906538457181,0.693182761770323,0.8322823459036415
166,256,14.0,7,98.0,13.0,0.7753022141601009,0.6797955392591334,0.9020315445215963,0.09,0.7730011600536102,0.7051245171365168,0.8553376037486603
167,256,14.0,8,112.0,14.0,0.7759312637051952,0.6782885456978552,0.9064136231090203,0.09,0.7742066034872349,0.7051523591087812,0.8582537823085168
168,256,14.0,9,126.0,16.0,0.7754666005017505,0.6776237337541104,0.9063330701938103,0.09,0.7741399256455471,0.7045714753025842,0.8589516711946362
169,256,14.0,10,140.0,18.0,0.775060619420258,0.6770039832966293,0.9063330701938103,0.09,0.7741522712731925,0.7042066571370227,0.8595249370653772
170,256,14.0,11,154.0,20.0,0.7751412429378531,0.6771719895508553,0.9062525172786003,0.09,0.7744448685421764,0.7045570602773863,0.8597243338899828
171,256,14.0,12,168.0,21.0,0.7754159920074414,0.6774294519888279,0.9065425077733563,0.09,0.7743637527083309,0.7044897458942724,0.85962463547768
172,256,14.0,13,182.0,23.0,0.7753338570306363,0.6774030415046176,0.9063652913598943,0.09,0.7743985270508459,0.7045473116522307,0.85962463547768
173,256,14.0,14,196.0,25.0,0.7753684602186989,0.677401878160366,0.9064619548581463,0.09,0.7744173514751449,0.7045449902972117,0.8596744846838315
174,256,14.0,15,210.0,27.0,0.7753386525555693,0.6773653732708907,0.9064458442751043,0.09,0.7743825774584644,0.7044874282562961,0.8596744846838315
175,256,14.0,16,224.0,28.0,0.7753493371551415,0.6773816833411589,0.9064458442751043,0.09,0.7743637527083309,0.7044897458942724,0.85962463547768
176,256,14.0,17,238.0,30.0,0.7753378029201607,0.677382070360471,0.9064136231090203,0.09,0.7743825774584644,0.7044874282562961,0.8596744846838315
177,256,14.0,18,252.0,32.0,0.775332460552608,0.6773739149279427,0.9064136231090203,0.09,0.7743775118435529,0.7044957820127867,0.8596495600807557
178,256,14.0,19,266.0,34.0,0.7753493371551415,0.6773816833411589,0.9064458442751043,0.09,0.7743912706698548,0.7045018178847176,0.8596744846838315
179,256,14.0,20,280.0,35.0,0.7753408989120174,0.6773777991813147,0.9064297336920624,0.09,0.7743775118435529,0.7044957820127867,0.8596495600807557
180,256,14.0,21,294.0,37.0,0.7753408989120174,0.6773777991813147,0.9064297336920624,0.09,0.7743775118435529,0.7044957820127867,0.8596495600807557
181,256,14.0,22,308.0,39.0,0.7753408989120174,0.6773777991813147,0.9064297336920624,0.09,0.7743775118435529,0.7044957820127867,0.8596495600807557
182,256,14.0,23,322.0,41.0,0.7753408989120174,0.6773777991813147,0.9064297336920624,0.09,0.7743775118435529,0.7044957820127867,0.8596495600807557
183,256,14.0,24,336.0,42.0,0.7753408989120174,0.6773777991813147,0.9064297336920624,0.09,0.7743775118435529,0.7044957820127867,0.8596495600807557
184,256,14.0,25,350.0,44.0,0.7753408989120174,0.6773777991813147,0.9064297336920624,0.09,0.7743775118435529,0.7044957820127867,0.8596495600807557
185,256,14.0,26,364.0,46.0,0.7753408989120174,0.6773777991813147,0.9064297336920624,0.09,0.7743775118435529,0.7044957820127867,0.8596495600807557
186,256,14.0,27,378.0,48.0,0.7753408989120174,0.6773777991813147,0.9064297336920624,0.09,0.7743775118435529,0.7044957820127867,0.8596495600807557
187,256,14.0,28,392.0,49.0,0.7753408989120174,0.6773777991813147,0.9064297336920624,0.09,0.7743775118435529,0.7044957820127867,0.8596495600807557
188,256,14.0,29,406.0,51.0,0.7753408989120174,0.6773777991813147,0.9064297336920624,0.09,0.7743775118435529,0.7044957820127867,0.8596495600807557
189,256,14.0,30,420.0,53.0,0.7753408989120174,0.6773777991813147,0.9064297336920624,0.09,0.7743775118435529,0.7044957820127867,0.8596495600807557
190,256,14.0,31,434.0,55.0,0.7753408989120174,0.6773777991813147,0.9064297336920624,0.09,0.7743775118435529,0.7044957820127867,0.8596495600807557
191,256,14.0,32,448.0,56.0,0.7753408989120174,0.6773777991813147,0.9064297336920624,0.09,0.7743775118435529,0.7044957820127867,0.8596495600807557
192,256,16.0,1,16.0,2.0,0.15693005560433132,0.08630371349156406,0.8638977944611815,0.109,0.10180415531286018,0.05402901799385098,0.8795144687320855
193,256,16.0,2,32.0,4.0,0.3256578736497965,0.20326985943445677,0.8184337291166567,0.109,0.2564114868890942,0.15270698968266821,0.7990578500037387
194,256,16.0,3,48.0,6.0,0.5536592082212808,0.4350416175604007,0.7612089381514717,0.109,0.5227852716004374,0.40636144978021066,0.7327085566162359
195,256,16.0,4,64.0,8.0,0.5966150472797039,0.6369305608895228,0.5610993861867861,0.109,0.5499813682597955,0.616186293913904,0.49662271628324317
196,256,16.0,5,80.0,10.0,0.6811612623457022,0.6355050223214286,0.7338853893122392,0.109,0.6572025738574984,0.6212952068023888,0.6975150170733531
197,256,16.0,6,96.0,12.0,0.747582124395531,0.6572315134930428,0.8667332570765736,0.109,0.7167233291733012,0.6305298426940769,0.8302136038483587
198,256,16.0,7,112.0,14.0,0.7541097075618619,0.6610722780447551,0.8776240112129658,0.109,0.7227538800279255,0.6350218934017817,0.8386131950848683
199,256,16.0,8,128.0,16.0,0.7546548395801476,0.6613709129717668,0.8785745356124438,0.109,0.72406852248394,0.634659058916271,0.8428005284015853
200,256,16.0,9,144.0,18.0,0.7552584966234916,0.6618965036321962,0.8792834012662918,0.109,0.7241275958038963,0.6346085292406987,0.8430497744323422
201,256,16.0,10,160.0,20.0,0.7553138492195284,0.6619450137647501,0.8793478435984599,0.109,0.7243873729266989,0.6346828179789608,0.8436230403030832
202,256,16.0,11,176.0,22.0,0.7550376439326838,0.6617581057968729,0.8789289684393679,0.109,0.7245253943453973,0.6348241912798874,0.8437476633184616
203,256,16.0,12,192.0,24.0,0.7552191091705475,0.6618999102442811,0.8791706271849978,0.109,0.7246327187904598,0.634862006899655,0.8439719847461429
204,256,16.0,13,208.0,26.0,0.7551653035524003,0.6618355144267505,0.8791384060189138,0.109,0.7244748360032961,0.6347747815324607,0.8436978141123103
205,256,16.0,14,224.0,28.0,0.7551533016419987,0.6618353386376867,0.8791061848528299,0.109,0.7245858836622009,0.6348465245354484,0.8438722863338401
206,256,16.0,15,240.0,30.0,0.7551655894930596,0.6618633480101404,0.8790900742697878,0.109,0.7244844450627655,0.6348036457747271,0.8436728895092346
207,256,16.0,16,256.0,32.0,0.7551742033698924,0.6618674494202125,0.8791061848528299,0.109,0.7244497233903674,0.6347221180529513,0.843722738715386
208,256,16.0,17,272.0,34.0,0.7551689778294445,0.6618594214324701,0.8791061848528299,0.109,0.7245117448766654,0.6348173430350311,0.843722738715386
209,256,16.0,18,288.0,36.0,0.7551708150823802,0.6618713762402659,0.8790900742697878,0.109,0.7245039916101277,0.6348054383497421,0.843722738715386
210,256,16.0,19,304.0,38.0,0.7551603639760578,0.6618553199747708,0.8790900742697878,0.109,0.7245039916101277,0.6348054383497421,0.843722738715386
211,256,16.0,20,320.0,40.0,0.7551603639760578,0.6618553199747708,0.8790900742697878,0.109,0.7244807328061296,0.6347697269726973,0.843722738715386
212,256,16.0,21,336.0,42.0,0.7551603639760578,0.6618553199747708,0.8790900742697878,0.109,0.7244962385095294,0.6347935341109403,0.843722738715386
213,256,16.0,22,352.0,44.0,0.7551603639760578,0.6618553199747708,0.8790900742697878,0.109,0.7245117448766654,0.6348173430350311,0.843722738715386
214,256,16.0,23,368.0,46.0,0.7551603639760578,0.6618553199747708,0.8790900742697878,0.109,0.7245039916101277,0.6348054383497421,0.843722738715386
215,256,16.0,24,384.0,48.0,0.7551603639760578,0.6618553199747708,0.8790900742697878,0.109,0.7245039916101277,0.6348054383497421,0.843722738715386
216,256,16.0,25,400.0,50.0,0.7551603639760578,0.6618553199747708,0.8790900742697878,0.109,0.7245039916101277,0.6348054383497421,0.843722738715386
217,256,16.0,26,416.0,52.0,0.7551603639760578,0.6618553199747708,0.8790900742697878,0.109,0.7245039916101277,0.6348054383497421,0.843722738715386
218,256,16.0,27,432.0,54.0,0.7551603639760578,0.6618553199747708,0.8790900742697878,0.109,0.7245039916101277,0.6348054383497421,0.843722738715386
219,256,16.0,28,448.0,56.0,0.7551603639760578,0.6618553199747708,0.8790900742697878,0.109,0.7245039916101277,0.6348054383497421,0.843722738715386
220,256,16.0,29,464.0,58.0,0.7551603639760578,0.6618553199747708,0.8790900742697878,0.109,0.7245039916101277,0.6348054383497421,0.843722738715386
221,256,16.0,30,480.0,60.0,0.7551603639760578,0.6618553199747708,0.8790900742697878,0.109,0.7245039916101277,0.6348054383497421,0.843722738715386
222,256,16.0,31,496.0,62.0,0.7551603639760578,0.6618553199747708,0.8790900742697878,0.109,0.7245039916101277,0.6348054383497421,0.843722738715386
223,256,16.0,32,512.0,64.0,0.7551603639760578,0.6618553199747708,0.8790900742697878,0.109,0.7245039916101277,0.6348054383497421,0.843722738715386
224,256,18.0,1,18.0,3.0,0.1146511903351889,0.06147170409314205,0.8499299189637674,0.109,0.07312227069545849,0.038207495816390324,0.8484833379028439
225,256,18.0,2,36.0,5.0,0.3024855242169075,0.18231190304410275,0.8874836880346699,0.109,0.24315709308696684,0.14108449634102452,0.8793649211136313
226,256,18.0,3,54.0,7.0,0.5713452282561136,0.4586996614006499,0.7573262876383496,0.109,0.5789647277948081,0.47394501532646155,0.7437750803818449
227,256,18.0,4,72.0,9.0,0.6312519037465733,0.6864329787636749,0.5842825151842245,0.109,0.5797192511459865,0.6787266769210192,0.5059195932304779
228,256,18.0,5,90.0,12.0,0.7305106037094511,0.674729384785487,0.7963461197660744,0.109,0.6981915963129398,0.6791319100805882,0.718351985244635
229,256,18.0,6,108.0,14.0,0.7820396291583348,0.69082823790995,0.9010004672069082,0.109,0.7638574881110158,0.6904445518241121,0.8547394132748436
230,256,18.0,7,126.0,16.0,0.7859604835186172,0.690009985144054,0.9129061880749464,0.109,0.7719774160822196,0.6922650950299626,0.8724358814585877
231,256,18.0,8,144.0,18.0,0.7864568563029568,0.6890696208668671,0.9159027565207585,0.109,0.7742751829234747,0.6931092900480655,0.8769721592183645
232,256,18.0,9,162.0,21.0,0.786055198173895,0.6887356210378308,0.9154033284464564,0.109,0.7740763973719832,0.6930398455050645,0.8765733655691533
233,256,18.0,10,180.0,23.0,0.7859405036856736,0.6884775208073368,0.9155483236938344,0.109,0.7742041929735795,0.6928710649105192,0.87717155604297
234,256,18.0,11,198.0,25.0,0.7862279755483639,0.6887365067057584,0.9158705353546744,0.109,0.7744114411441144,0.6931408653183403,0.8772712544552728
235,256,18.0,12,216.0,27.0,0.7862699406017274,0.6887553606473966,0.9159510882698845,0.109,0.774299291591499,0.6929923011794357,0.8772214052491214
236,256,18.0,13,234.0,30.0,0.7861824819537018,0.6886393643179863,0.9159188671038004,0.109,0.7743638823801194,0.6930802252766728,0.8772463298521971
237,256,18.0,14,252.0,32.0,0.7862699406017274,0.6887553606473966,0.9159510882698845,0.109,0.7744164044795494,0.6931332585021956,0.8772961790583484
238,256,18.0,15,270.0,34.0,0.7862645037270602,0.6887470168510061,0.9159510882698845,0.109,0.7744029218600456,0.6931272154391492,0.8772712544552728
239,256,18.0,16,288.0,36.0,0.7862481935541865,0.6887219866747426,0.9159510882698845,0.109,0.7744029218600456,0.6931272154391492,0.8772712544552728
240,256,18.0,17,306.0,39.0,0.7862620228044336,0.6887341005451242,0.9159671988529264,0.109,0.7743944027634155,0.6931135660975561,0.8772712544552728
241,256,18.0,18,324.0,41.0,0.7862565861348896,0.6887257574105704,0.9159671988529264,0.109,0.7743944027634155,0.6931135660975561,0.8772712544552728
242,256,18.0,19,342.0,43.0,0.7862565861348896,0.6887257574105704,0.9159671988529264,0.109,0.774385883854218,0.6930999172935292,0.8772712544552728
243,256,18.0,20,360.0,45.0,0.7862565861348896,0.6887257574105704,0.9159671988529264,0.109,0.774385883854218,0.6930999172935292,0.8772712544552728
244,256,18.0,21,378.0,48.0,0.7862565861348896,0.6887257574105704,0.9159671988529264,0.109,0.774385883854218,0.6930999172935292,0.8772712544552728
245,256,18.0,22,396.0,50.0,0.7862565861348896,0.6887257574105704,0.9159671988529264,0.109,0.774385883854218,0.6930999172935292,0.8772712544552728
246,256,18.0,23,414.0,52.0,0.7862565861348896,0.6887257574105704,0.9159671988529264,0.109,0.774385883854218,0.6930999172935292,0.8772712544552728
247,256,18.0,24,432.0,54.0,0.7862565861348896,0.6887257574105704,0.9159671988529264,0.109,0.774385883854218,0.6930999172935292,0.8772712544552728
248,256,18.0,25,450.0,57.0,0.7862565861348896,0.6887257574105704,0.9159671988529264,0.109,0.774385883854218,0.6930999172935292,0.8772712544552728
249,256,18.0,26,468.0,59.0,0.7862565861348896,0.6887257574105704,0.9159671988529264,0.109,0.774385883854218,0.6930999172935292,0.8772712544552728
250,256,18.0,27,486.0,61.0,0.7862565861348896,0.6887257574105704,0.9159671988529264,0.109,0.774385883854218,0.6930999172935292,0.8772712544552728
251,256,18.0,28,504.0,63.0,0.7862565861348896,0.6887257574105704,0.9159671988529264,0.109,0.774385883854218,0.6930999172935292,0.8772712544552728
252,256,18.0,29,522.0,66.0,0.7862565861348896,0.6887257574105704,0.9159671988529264,0.109,0.774385883854218,0.6930999172935292,0.8772712544552728
253,256,18.0,30,540.0,68.0,0.7862565861348896,0.6887257574105704,0.9159671988529264,0.109,0.774385883854218,0.6930999172935292,0.8772712544552728
254,256,18.0,31,558.0,70.0,0.7862565861348896,0.6887257574105704,0.9159671988529264,0.109,0.774385883854218,0.6930999172935292,0.8772712544552728
255,256,18.0,32,576.0,72.0,0.7862565861348896,0.6887257574105704,0.9159671988529264,0.109,0.774385883854218,0.6930999172935292,0.8772712544552728
256,256,20.0,1,20.0,3.0,0.16194875171940534,0.0895242599040933,0.8478677643343913,0.113,0.11939120214140082,0.06423719750150751,0.8443458537922783
257,256,20.0,2,40.0,5.0,0.3344937205767766,0.20493356567196688,0.9094585233039584,0.113,0.27166553437707536,0.16039389773982018,0.8870416988609456
258,256,20.0,3,60.0,8.0,0.6521880271156233,0.5390807500473515,0.8253612798247169,0.113,0.6261258157550225,0.5173900312337324,0.7927270008225119
259,256,20.0,4,80.0,10.0,0.6297922789206518,0.6536175374750888,0.607642860595125,0.113,0.6738254348824159,0.689927136925126,0.6584581640537375
260,256,20.0,5,100.0,13.0,0.7198712312448592,0.6428942335701711,0.8177893057949768,0.113,0.7174556051560231,0.6381941747572816,0.8191969292889011
261,256,20.0,6,120.0,15.0,0.763134287082566,0.6563711043556958,0.9113756826859564,0.113,0.7572343391361764,0.6533494899804674,0.9004012861095188
262,256,20.0,7,140.0,18.0,0.7702597437481533,0.660394956531752,0.9239741586248006,0.113,0.7578940806084599,0.6498521079077724,0.9090251987737096
263,256,20.0,8,160.0,20.0,0.770863217728205,0.6600585433048269,0.9263746354980587,0.113,0.7583454281567489,0.6491950513853636,0.911617357493582
264,256,20.0,9,180.0,23.0,0.771169915501263,0.6601730111745945,0.9270351694027806,0.113,0.7578812145824483,0.6484771123639329,0.911692131302809
265,256,20.0,10,200.0,25.0,0.7712997272830828,0.660265234948605,0.9272284963992847,0.113,0.7579065095375184,0.6483125166090885,0.9120909249520202
266,256,20.0,11,220.0,28.0,0.7712759898419335,0.6602386142021338,0.9272123858162427,0.113,0.7580563295662892,0.6485696054450707,0.912016151142793
267,256,20.0,12,240.0,30.0,0.7714004327989227,0.6602821424475284,0.9274862657279567,0.113,0.7579649500766458,0.648448437804597,0.9119912265397173
268,256,20.0,13,260.0,33.0,0.7714222540854545,0.6603386175411228,0.9274379339788307,0.113,0.7580421318640345,0.6484858150373009,0.9121407741581715
269,256,20.0,14,280.0,35.0,0.7714067483182805,0.660315894518301,0.9274379339788307,0.113,0.7580235917936184,0.6484460824267337,0.9121656987612472
270,256,20.0,15,300.0,38.0,0.771418042946635,0.6603161130482658,0.9274701551449147,0.113,0.7580185796990379,0.6484513431143242,0.9121407741581715
271,256,20.0,16,320.0,40.0,0.7713851163476291,0.6603005276439551,0.9274057128127466,0.113,0.7579928538138885,0.6484388843604919,0.9120909249520202
272,256,20.0,17,340.0,43.0,0.7713933481628388,0.6603044241291107,0.9274218233957887,0.113,0.7580057168896807,0.6484451138477895,0.9121158495550958
273,256,20.0,18,360.0,45.0,0.7713830115105793,0.6602892765791496,0.9274218233957887,0.113,0.7580057168896807,0.6484451138477895,0.9121158495550958
274,256,20.0,19,380.0,48.0,0.7713830115105793,0.6602892765791496,0.9274218233957887,0.113,0.7580185796990379,0.6484513431143242,0.9121407741581715
275,256,20.0,20,400.0,50.0,0.7713830115105793,0.6602892765791496,0.9274218233957887,0.113,0.7580185796990379,0.6484513431143242,0.9121407741581715
276,256,20.0,21,420.0,53.0,0.7713881798020811,0.660296850267257,0.9274218233957887,0.113,0.7580185796990379,0.6484513431143242,0.9121407741581715
277,256,20.0,22,440.0,55.0,0.7713881798020811,0.660296850267257,0.9274218233957887,0.113,0.7580185796990379,0.6484513431143242,0.9121407741581715
278,256,20.0,23,460.0,58.0,0.7713881798020811,0.660296850267257,0.9274218233957887,0.113,0.7580185796990379,0.6484513431143242,0.9121407741581715
279,256,20.0,24,480.0,60.0,0.7713881798020811,0.660296850267257,0.9274218233957887,0.113,0.7580185796990379,0.6484513431143242,0.9121407741581715
280,256,20.0,25,500.0,63.0,0.7713881798020811,0.660296850267257,0.9274218233957887,0.113,0.7580185796990379,0.6484513431143242,0.9121407741581715
281,256,20.0,26,520.0,65.0,0.7713881798020811,0.660296850267257,0.9274218233957887,0.113,0.7580185796990379,0.6484513431143242,0.9121407741581715
282,256,20.0,27,540.0,68.0,0.7713881798020811,0.660296850267257,0.9274218233957887,0.113,0.7580185796990379,0.6484513431143242,0.9121407741581715
283,256,20.0,28,560.0,70.0,0.7713881798020811,0.660296850267257,0.9274218233957887,0.113,0.7580185796990379,0.6484513431143242,0.9121407741581715
284,256,20.0,29,580.0,73.0,0.7713881798020811,0.660296850267257,0.9274218233957887,0.113,0.7580185796990379,0.6484513431143242,0.9121407741581715
285,256,20.0,30,600.0,75.0,0.7713881798020811,0.660296850267257,0.9274218233957887,0.113,0.7580185796990379,0.6484513431143242,0.9121407741581715
286,256,20.0,31,620.0,78.0,0.7713881798020811,0.660296850267257,0.9274218233957887,0.113,0.7580185796990379,0.6484513431143242,0.9121407741581715
287,256,20.0,32,640.0,80.0,0.7713881798020811,0.660296850267257,0.9274218233957887,0.113,0.7580185796990379,0.6484513431143242,0.9121407741581715
